source_profile,cluster_size,event_probability,sample_index,source_seed,channel_seed,method,edit_distance,normalized_edit_distance,exact_recovery,biologically_valid,gc_fraction,max_homopolymer_run,evidence_cost
constraint-compliant,3,0.03,0,620101684,4196963686,medoid,2,0.03278688524590164,0,1,0.47540983606557374,2,5.0
constraint-compliant,3,0.03,0,620101684,4196963686,consensus,1,0.016666666666666666,0,1,0.4666666666666667,2,4.666666666666667
constraint-compliant,3,0.03,0,620101684,4196963686,unconstrained,0,0.0,1,1,0.48333333333333334,3,4.333333333333333
constraint-compliant,3,0.03,0,620101684,4196963686,constrained,0,0.0,1,1,0.48333333333333334,3,4.333333333333333
constraint-compliant,3,0.03,1,3098613027,2548632829,medoid,5,0.08333333333333333,0,1,0.49122807017543857,3,6.333333333333333
constraint-compliant,3,0.03,1,3098613027,2548632829,consensus,2,0.03333333333333333,0,1,0.4915254237288136,3,5.333333333333333
constraint-compliant,3,0.03,1,3098613027,2548632829,unconstrained,2,0.03333333333333333,0,1,0.4915254237288136,3,5.333333333333333
constraint-compliant,3,0.03,1,3098613027,2548632829,constrained,2,0.03333333333333333,0,1,0.4915254237288136,3,5.333333333333333
constraint-compliant,3,0.03,2,653284881,1427408958,medoid,6,0.1,0,0,0.5,5,7.0
constraint-compliant,3,0.03,2,653284881,1427408958,consensus,2,0.03278688524590164,0,0,0.5081967213114754,5,5.666666666666667
constraint-compliant,3,0.03,2,653284881,1427408958,unconstrained,2,0.03278688524590164,0,0,0.5081967213114754,5,5.666666666666667
constraint-compliant,3,0.03,2,653284881,1427408958,constrained,1,0.01639344262295082,0,1,0.5245901639344263,3,5.666666666666667
constraint-compliant,3,0.03,3,18657562,1093817558,medoid,0,0.0,1,1,0.45,3,4.666666666666667
constraint-compliant,3,0.03,3,18657562,1093817558,consensus,0,0.0,1,1,0.45,3,4.666666666666667
constraint-compliant,3,0.03,3,18657562,1093817558,unconstrained,0,0.0,1,1,0.45,3,4.666666666666667
constraint-compliant,3,0.03,3,18657562,1093817558,constrained,0,0.0,1,1,0.45,3,4.666666666666667
constraint-compliant,3,0.03,4,1644711034,4187553864,medoid,6,0.0967741935483871,0,0,0.43548387096774194,3,6.333333333333333
constraint-compliant,3,0.03,4,1644711034,4187553864,consensus,5,0.08196721311475409,0,0,0.4262295081967213,3,6.0
constraint-compliant,3,0.03,4,1644711034,4187553864,unconstrained,5,0.08196721311475409,0,0,0.4262295081967213,3,6.0
constraint-compliant,3,0.03,4,1644711034,4187553864,constrained,4,0.06557377049180328,0,1,0.45901639344262296,3,6.0
constraint-compliant,3,0.03,5,2246037842,3837712708,medoid,3,0.05,0,1,0.5166666666666667,2,5.333333333333333
constraint-compliant,3,0.03,5,2246037842,3837712708,consensus,2,0.03333333333333333,0,1,0.5,2,5.0
constraint-compliant,3,0.03,5,2246037842,3837712708,unconstrained,2,0.03333333333333333,0,1,0.5,2,5.0
constraint-compliant,3,0.03,5,2246037842,3837712708,constrained,2,0.03333333333333333,0,1,0.5,2,5.0
constraint-compliant,3,0.03,6,1569849136,1577967330,medoid,4,0.06666666666666667,0,0,0.4745762711864407,4,4.333333333333333
constraint-compliant,3,0.03,6,1569849136,1577967330,consensus,2,0.03278688524590164,0,0,0.45901639344262296,4,3.6666666666666665
constraint-compliant,3,0.03,6,1569849136,1577967330,unconstrained,2,0.03278688524590164,0,0,0.45901639344262296,4,3.6666666666666665
constraint-compliant,3,0.03,6,1569849136,1577967330,constrained,1,0.01639344262295082,0,1,0.47540983606557374,3,4.0
constraint-compliant,3,0.03,7,682618243,453871117,medoid,4,0.06557377049180328,0,0,0.47540983606557374,5,6.333333333333333
constraint-compliant,3,0.03,7,682618243,453871117,consensus,1,0.016666666666666666,0,0,0.48333333333333334,5,5.333333333333333
constraint-compliant,3,0.03,7,682618243,453871117,unconstrained,1,0.016666666666666666,0,0,0.48333333333333334,5,5.333333333333333
constraint-compliant,3,0.03,7,682618243,453871117,constrained,0,0.0,1,1,0.4666666666666667,3,5.333333333333333
constraint-compliant,3,0.03,8,3281276513,3174762920,medoid,5,0.08333333333333333,0,0,0.45,4,7.666666666666667
constraint-compliant,3,0.03,8,3281276513,3174762920,consensus,2,0.03333333333333333,0,1,0.4666666666666667,3,6.666666666666667
constraint-compliant,3,0.03,8,3281276513,3174762920,unconstrained,1,0.016666666666666666,0,1,0.45,3,6.333333333333333
constraint-compliant,3,0.03,8,3281276513,3174762920,constrained,1,0.016666666666666666,0,1,0.45,3,6.333333333333333
constraint-compliant,3,0.03,9,1559539471,2245277066,medoid,5,0.08064516129032258,0,1,0.5483870967741935,3,5.666666666666667
constraint-compliant,3,0.03,9,1559539471,2245277066,consensus,3,0.05,0,1,0.55,3,5.0
constraint-compliant,3,0.03,9,1559539471,2245277066,unconstrained,3,0.05,0,1,0.55,3,5.0
constraint-compliant,3,0.03,9,1559539471,2245277066,constrained,3,0.05,0,1,0.55,3,5.0
constraint-compliant,3,0.03,10,1297581412,4209198335,medoid,2,0.03278688524590164,0,1,0.45901639344262296,3,3.6666666666666665
constraint-compliant,3,0.03,10,1297581412,4209198335,consensus,1,0.01639344262295082,0,1,0.47540983606557374,3,3.3333333333333335
constraint-compliant,3,0.03,10,1297581412,4209198335,unconstrained,1,0.01639344262295082,0,1,0.47540983606557374,3,3.3333333333333335
constraint-compliant,3,0.03,10,1297581412,4209198335,constrained,1,0.01639344262295082,0,1,0.47540983606557374,3,3.3333333333333335
constraint-compliant,3,0.03,11,2605443792,3734515844,medoid,6,0.1,0,0,0.5689655172413793,3,7.666666666666667
constraint-compliant,3,0.03,11,2605443792,3734515844,consensus,6,0.1,0,0,0.5689655172413793,3,7.666666666666667
constraint-compliant,3,0.03,11,2605443792,3734515844,unconstrained,3,0.05,0,0,0.5689655172413793,4,6.666666666666667
constraint-compliant,3,0.03,11,2605443792,3734515844,constrained,5,0.08333333333333333,0,1,0.5344827586206896,3,7.333333333333333
constraint-compliant,3,0.03,12,1664478042,530455198,medoid,4,0.06666666666666667,0,1,0.49122807017543857,3,6.0
constraint-compliant,3,0.03,12,1664478042,530455198,consensus,2,0.03333333333333333,0,1,0.48333333333333334,3,5.0
constraint-compliant,3,0.03,12,1664478042,530455198,unconstrained,2,0.03333333333333333,0,1,0.48333333333333334,3,5.0
constraint-compliant,3,0.03,12,1664478042,530455198,constrained,2,0.03333333333333333,0,1,0.48333333333333334,3,5.0
constraint-compliant,3,0.03,13,3675515291,4243692660,medoid,6,0.1,0,0,0.5333333333333333,4,6.666666666666667
constraint-compliant,3,0.03,13,3675515291,4243692660,consensus,4,0.06557377049180328,0,0,0.5409836065573771,4,6.0
constraint-compliant,3,0.03,13,3675515291,4243692660,unconstrained,4,0.06557377049180328,0,0,0.5409836065573771,4,6.0
constraint-compliant,3,0.03,13,3675515291,4243692660,constrained,4,0.06557377049180328,0,1,0.5245901639344263,3,6.0
constraint-compliant,3,0.03,14,2903924919,1670627258,medoid,4,0.06666666666666667,0,0,0.4406779661016949,3,5.666666666666667
constraint-compliant,3,0.03,14,2903924919,1670627258,consensus,1,0.016666666666666666,0,0,0.4406779661016949,3,4.666666666666667
constraint-compliant,3,0.03,14,2903924919,1670627258,unconstrained,1,0.016666666666666666,0,0,0.4406779661016949,3,4.666666666666667
constraint-compliant,3,0.03,14,2903924919,1670627258,constrained,1,0.016666666666666666,0,1,0.4576271186440678,3,4.666666666666667
constraint-compliant,3,0.03,15,3476974241,490429033,medoid,5,0.08333333333333333,0,1,0.5254237288135594,3,6.666666666666667
constraint-compliant,3,0.03,15,3476974241,490429033,consensus,3,0.04918032786885246,0,1,0.5245901639344263,3,6.0
constraint-compliant,3,0.03,15,3476974241,490429033,unconstrained,3,0.04918032786885246,0,1,0.5245901639344263,3,6.0
constraint-compliant,3,0.03,15,3476974241,490429033,constrained,3,0.04918032786885246,0,1,0.5245901639344263,3,6.0
constraint-compliant,3,0.03,16,268063506,2294581584,medoid,3,0.05,0,1,0.4576271186440678,3,5.333333333333333
constraint-compliant,3,0.03,16,268063506,2294581584,consensus,2,0.03333333333333333,0,1,0.46551724137931033,3,5.0
constraint-compliant,3,0.03,16,268063506,2294581584,unconstrained,2,0.03333333333333333,0,1,0.46551724137931033,3,5.0
constraint-compliant,3,0.03,16,268063506,2294581584,constrained,2,0.03333333333333333,0,1,0.46551724137931033,3,5.0
constraint-compliant,3,0.03,17,3069113944,2760328769,medoid,3,0.04918032786885246,0,1,0.5081967213114754,3,5.333333333333333
constraint-compliant,3,0.03,17,3069113944,2760328769,consensus,1,0.01639344262295082,0,1,0.5081967213114754,3,4.666666666666667
constraint-compliant,3,0.03,17,3069113944,2760328769,unconstrained,1,0.01639344262295082,0,1,0.5081967213114754,3,4.666666666666667
constraint-compliant,3,0.03,17,3069113944,2760328769,constrained,1,0.01639344262295082,0,1,0.5081967213114754,3,4.666666666666667
constraint-compliant,3,0.03,18,3193771673,931975804,medoid,5,0.08064516129032258,0,0,0.5483870967741935,4,6.333333333333333
constraint-compliant,3,0.03,18,3193771673,931975804,consensus,1,0.01639344262295082,0,0,0.5409836065573771,4,5.0
constraint-compliant,3,0.03,18,3193771673,931975804,unconstrained,1,0.01639344262295082,0,0,0.5409836065573771,4,5.0
constraint-compliant,3,0.03,18,3193771673,931975804,constrained,1,0.01639344262295082,0,1,0.5245901639344263,3,5.666666666666667
constraint-compliant,3,0.03,19,3265585332,3040255293,medoid,1,0.01639344262295082,0,1,0.4918032786885246,3,4.333333333333333
constraint-compliant,3,0.03,19,3265585332,3040255293,consensus,1,0.01639344262295082,0,1,0.4918032786885246,3,4.333333333333333
constraint-compliant,3,0.03,19,3265585332,3040255293,unconstrained,1,0.01639344262295082,0,1,0.4918032786885246,3,4.333333333333333
constraint-compliant,3,0.03,19,3265585332,3040255293,constrained,1,0.01639344262295082,0,1,0.4918032786885246,3,4.333333333333333
constraint-compliant,3,0.06,0,855782099,704298778,medoid,10,0.16666666666666666,0,0,0.5614035087719298,3,13.0
constraint-compliant,3,0.06,0,855782099,704298778,consensus,7,0.11666666666666667,0,1,0.543859649122807,3,12.0
constraint-compliant,3,0.06,0,855782099,704298778,unconstrained,7,0.11666666666666667,0,1,0.543859649122807,3,12.0
constraint-compliant,3,0.06,0,855782099,704298778,constrained,7,0.11666666666666667,0,1,0.543859649122807,3,12.0
constraint-compliant,3,0.06,1,2672664999,1664992768,medoid,9,0.15,0,0,0.5517241379310345,3,13.333333333333334
constraint-compliant,3,0.06,1,2672664999,1664992768,consensus,7,0.11666666666666667,0,1,0.543859649122807,3,12.666666666666666
constraint-compliant,3,0.06,1,2672664999,1664992768,unconstrained,6,0.1,0,1,0.5263157894736842,3,12.333333333333334
constraint-compliant,3,0.06,1,2672664999,1664992768,constrained,6,0.1,0,1,0.5263157894736842,3,12.333333333333334
constraint-compliant,3,0.06,2,2552896552,774412998,medoid,7,0.11475409836065574,0,0,0.47540983606557374,7,9.333333333333334
constraint-compliant,3,0.06,2,2552896552,774412998,consensus,4,0.06666666666666667,0,1,0.48333333333333334,3,8.333333333333334
constraint-compliant,3,0.06,2,2552896552,774412998,unconstrained,2,0.03333333333333333,0,1,0.4666666666666667,3,7.666666666666667
constraint-compliant,3,0.06,2,2552896552,774412998,constrained,2,0.03333333333333333,0,1,0.4666666666666667,3,7.666666666666667
constraint-compliant,3,0.06,3,4124369352,2410734216,medoid,10,0.16666666666666666,0,0,0.576271186440678,5,13.333333333333334
constraint-compliant,3,0.06,3,4124369352,2410734216,consensus,9,0.15,0,0,0.5862068965517241,5,12.666666666666666
constraint-compliant,3,0.06,3,4124369352,2410734216,unconstrained,9,0.15,0,0,0.5862068965517241,5,12.666666666666666
constraint-compliant,3,0.06,3,4124369352,2410734216,constrained,9,0.15,0,1,0.5344827586206896,3,12.666666666666666
constraint-compliant,3,0.06,4,3906202838,2015507602,medoid,8,0.13114754098360656,0,0,0.5573770491803278,4,10.666666666666666
constraint-compliant,3,0.06,4,3906202838,2015507602,consensus,4,0.06666666666666667,0,0,0.5423728813559322,4,9.333333333333334
constraint-compliant,3,0.06,4,3906202838,2015507602,unconstrained,4,0.06666666666666667,0,0,0.5423728813559322,4,9.333333333333334
constraint-compliant,3,0.06,4,3906202838,2015507602,constrained,4,0.06666666666666667,0,1,0.5423728813559322,3,9.666666666666666
constraint-compliant,3,0.06,5,2554499001,3788063443,medoid,8,0.13333333333333333,0,0,0.4666666666666667,4,11.0
constraint-compliant,3,0.06,5,2554499001,3788063443,consensus,8,0.13333333333333333,0,0,0.4666666666666667,4,11.0
constraint-compliant,3,0.06,5,2554499001,3788063443,unconstrained,8,0.13333333333333333,0,0,0.4666666666666667,4,11.0
constraint-compliant,3,0.06,5,2554499001,3788063443,constrained,7,0.11666666666666667,0,1,0.48333333333333334,3,11.0
constraint-compliant,3,0.06,6,1218922961,2042786569,medoid,9,0.14516129032258066,0,0,0.43548387096774194,3,14.0
constraint-compliant,3,0.06,6,1218922961,2042786569,consensus,7,0.11290322580645161,0,1,0.45161290322580644,3,12.333333333333334
constraint-compliant,3,0.06,6,1218922961,2042786569,unconstrained,7,0.11290322580645161,0,1,0.45161290322580644,3,12.333333333333334
constraint-compliant,3,0.06,6,1218922961,2042786569,constrained,7,0.11290322580645161,0,1,0.45161290322580644,3,12.333333333333334
constraint-compliant,3,0.06,7,3615039536,1553996413,medoid,8,0.12903225806451613,0,1,0.5,3,12.0
constraint-compliant,3,0.06,7,3615039536,1553996413,consensus,7,0.11290322580645161,0,1,0.5161290322580645,3,11.0
constraint-compliant,3,0.06,7,3615039536,1553996413,unconstrained,7,0.11290322580645161,0,1,0.5161290322580645,3,11.0
constraint-compliant,3,0.06,7,3615039536,1553996413,constrained,7,0.11290322580645161,0,1,0.5161290322580645,3,11.0
constraint-compliant,3,0.06,8,150963598,3298028053,medoid,5,0.08333333333333333,0,1,0.47368421052631576,3,11.666666666666666
constraint-compliant,3,0.06,8,150963598,3298028053,consensus,4,0.06666666666666667,0,1,0.5,3,10.666666666666666
constraint-compliant,3,0.06,8,150963598,3298028053,unconstrained,4,0.06666666666666667,0,1,0.5,3,10.666666666666666
constraint-compliant,3,0.06,8,150963598,3298028053,constrained,4,0.06666666666666667,0,1,0.5,3,10.666666666666666
constraint-compliant,3,0.06,9,2128714470,773865303,medoid,7,0.1111111111111111,0,1,0.4603174603174603,3,10.333333333333334
constraint-compliant,3,0.06,9,2128714470,773865303,consensus,5,0.08064516129032258,0,0,0.43548387096774194,3,8.666666666666666
constraint-compliant,3,0.06,9,2128714470,773865303,unconstrained,5,0.08064516129032258,0,0,0.43548387096774194,3,8.666666666666666
constraint-compliant,3,0.06,9,2128714470,773865303,constrained,4,0.06451612903225806,0,1,0.45161290322580644,3,8.666666666666666
constraint-compliant,3,0.06,10,318357102,2581614587,medoid,9,0.15,0,1,0.5333333333333333,3,10.666666666666666
constraint-compliant,3,0.06,10,318357102,2581614587,consensus,7,0.11666666666666667,0,1,0.5,3,10.0
constraint-compliant,3,0.06,10,318357102,2581614587,unconstrained,8,0.13333333333333333,0,1,0.5166666666666667,3,9.666666666666666
constraint-compliant,3,0.06,10,318357102,2581614587,constrained,8,0.13333333333333333,0,1,0.5166666666666667,3,9.666666666666666
constraint-compliant,3,0.06,11,4169461598,4135448752,medoid,7,0.11666666666666667,0,1,0.5166666666666667,3,8.666666666666666
constraint-compliant,3,0.06,11,4169461598,4135448752,consensus,3,0.05,0,1,0.5344827586206896,2,7.333333333333333
constraint-compliant,3,0.06,11,4169461598,4135448752,unconstrained,3,0.05,0,1,0.5344827586206896,2,7.333333333333333
constraint-compliant,3,0.06,11,4169461598,4135448752,constrained,3,0.05,0,1,0.5344827586206896,2,7.333333333333333
constraint-compliant,3,0.06,12,2800472340,1219854475,medoid,7,0.11666666666666667,0,1,0.5263157894736842,3,10.333333333333334
constraint-compliant,3,0.06,12,2800472340,1219854475,consensus,7,0.11666666666666667,0,1,0.5263157894736842,3,10.333333333333334
constraint-compliant,3,0.06,12,2800472340,1219854475,unconstrained,5,0.08333333333333333,0,1,0.543859649122807,3,9.666666666666666
constraint-compliant,3,0.06,12,2800472340,1219854475,constrained,5,0.08333333333333333,0,1,0.543859649122807,3,9.666666666666666
constraint-compliant,3,0.06,13,1211798954,4129219819,medoid,7,0.11666666666666667,0,0,0.5666666666666667,3,9.333333333333334
constraint-compliant,3,0.06,13,1211798954,4129219819,consensus,3,0.05,0,1,0.5333333333333333,3,8.0
constraint-compliant,3,0.06,13,1211798954,4129219819,unconstrained,3,0.05,0,1,0.5333333333333333,3,8.0
constraint-compliant,3,0.06,13,1211798954,4129219819,constrained,3,0.05,0,1,0.5333333333333333,3,8.0
constraint-compliant,3,0.06,14,3046612172,4066606642,medoid,9,0.14754098360655737,0,0,0.5573770491803278,4,11.0
constraint-compliant,3,0.06,14,3046612172,4066606642,consensus,6,0.1,0,1,0.55,3,10.0
constraint-compliant,3,0.06,14,3046612172,4066606642,unconstrained,4,0.06666666666666667,0,1,0.5166666666666667,3,9.333333333333334
constraint-compliant,3,0.06,14,3046612172,4066606642,constrained,4,0.06666666666666667,0,1,0.5166666666666667,3,9.333333333333334
constraint-compliant,3,0.06,15,315044210,3484987108,medoid,11,0.18032786885245902,0,1,0.5245901639344263,3,13.0
constraint-compliant,3,0.06,15,315044210,3484987108,consensus,9,0.14754098360655737,0,1,0.5081967213114754,3,12.333333333333334
constraint-compliant,3,0.06,15,315044210,3484987108,unconstrained,6,0.09836065573770492,0,1,0.4918032786885246,3,11.333333333333334
constraint-compliant,3,0.06,15,315044210,3484987108,constrained,6,0.09836065573770492,0,1,0.4918032786885246,3,11.333333333333334
constraint-compliant,3,0.06,16,2549364281,958564380,medoid,8,0.13333333333333333,0,0,0.5172413793103449,4,12.0
constraint-compliant,3,0.06,16,2549364281,958564380,consensus,6,0.1,0,0,0.5084745762711864,4,11.0
constraint-compliant,3,0.06,16,2549364281,958564380,unconstrained,6,0.1,0,0,0.5084745762711864,4,11.0
constraint-compliant,3,0.06,16,2549364281,958564380,constrained,6,0.1,0,1,0.4915254237288136,3,11.0
constraint-compliant,3,0.06,17,4269428718,3092327458,medoid,4,0.06666666666666667,0,1,0.45614035087719296,3,8.0
constraint-compliant,3,0.06,17,4269428718,3092327458,consensus,2,0.03333333333333333,0,1,0.4745762711864407,3,7.333333333333333
constraint-compliant,3,0.06,17,4269428718,3092327458,unconstrained,2,0.03333333333333333,0,1,0.4745762711864407,3,7.333333333333333
constraint-compliant,3,0.06,17,4269428718,3092327458,constrained,2,0.03333333333333333,0,1,0.4745762711864407,3,7.333333333333333
constraint-compliant,3,0.06,18,1602120576,3745374215,medoid,11,0.1774193548387097,0,0,0.46774193548387094,5,13.666666666666666
constraint-compliant,3,0.06,18,1602120576,3745374215,consensus,9,0.15,0,0,0.48333333333333334,5,13.0
constraint-compliant,3,0.06,18,1602120576,3745374215,unconstrained,7,0.11666666666666667,0,1,0.48333333333333334,3,12.0
constraint-compliant,3,0.06,18,1602120576,3745374215,constrained,7,0.11666666666666667,0,1,0.48333333333333334,3,12.0
constraint-compliant,3,0.06,19,729094351,1013235650,medoid,12,0.2,0,1,0.5357142857142857,3,13.666666666666666
constraint-compliant,3,0.06,19,729094351,1013235650,consensus,9,0.15,0,1,0.5357142857142857,2,12.666666666666666
constraint-compliant,3,0.06,19,729094351,1013235650,unconstrained,7,0.11666666666666667,0,1,0.5,2,12.0
constraint-compliant,3,0.06,19,729094351,1013235650,constrained,7,0.11666666666666667,0,1,0.5,2,12.0
constraint-compliant,5,0.03,0,4161195315,3205980695,medoid,4,0.06666666666666667,0,0,0.43333333333333335,3,8.8
constraint-compliant,5,0.03,0,4161195315,3205980695,consensus,0,0.0,1,1,0.45,3,6.4
constraint-compliant,5,0.03,0,4161195315,3205980695,unconstrained,0,0.0,1,1,0.45,3,6.4
constraint-compliant,5,0.03,0,4161195315,3205980695,constrained,0,0.0,1,1,0.45,3,6.4
constraint-compliant,5,0.03,1,153089743,3518294006,medoid,4,0.06451612903225806,0,0,0.5645161290322581,3,8.4
constraint-compliant,5,0.03,1,153089743,3518294006,consensus,1,0.016666666666666666,0,1,0.5333333333333333,3,7.0
constraint-compliant,5,0.03,1,153089743,3518294006,unconstrained,0,0.0,1,1,0.5166666666666667,3,6.6
constraint-compliant,5,0.03,1,153089743,3518294006,constrained,0,0.0,1,1,0.5166666666666667,3,6.6
constraint-compliant,5,0.03,2,3923956037,266406609,medoid,5,0.07692307692307693,0,1,0.5384615384615384,3,9.2
constraint-compliant,5,0.03,2,3923956037,266406609,consensus,1,0.01639344262295082,0,1,0.5409836065573771,3,7.0
constraint-compliant,5,0.03,2,3923956037,266406609,unconstrained,1,0.01639344262295082,0,1,0.5409836065573771,3,7.0
constraint-compliant,5,0.03,2,3923956037,266406609,constrained,1,0.01639344262295082,0,1,0.5409836065573771,3,7.0
constraint-compliant,5,0.03,3,613479066,3071806581,medoid,5,0.07936507936507936,0,1,0.5396825396825397,3,8.4
constraint-compliant,5,0.03,3,613479066,3071806581,consensus,2,0.03225806451612903,0,1,0.5483870967741935,3,7.0
constraint-compliant,5,0.03,3,613479066,3071806581,unconstrained,2,0.03225806451612903,0,1,0.5483870967741935,3,7.0
constraint-compliant,5,0.03,3,613479066,3071806581,constrained,2,0.03225806451612903,0,1,0.5483870967741935,3,7.0
constraint-compliant,5,0.03,4,559561537,4136701153,medoid,1,0.01639344262295082,0,1,0.5081967213114754,3,4.8
constraint-compliant,5,0.03,4,559561537,4136701153,consensus,0,0.0,1,1,0.5,3,4.2
constraint-compliant,5,0.03,4,559561537,4136701153,unconstrained,0,0.0,1,1,0.5,3,4.2
constraint-compliant,5,0.03,4,559561537,4136701153,constrained,0,0.0,1,1,0.5,3,4.2
constraint-compliant,5,0.03,5,3106650784,4022382748,medoid,3,0.05,0,1,0.5166666666666667,3,5.4
constraint-compliant,5,0.03,5,3106650784,4022382748,consensus,0,0.0,1,1,0.5166666666666667,3,4.2
constraint-compliant,5,0.03,5,3106650784,4022382748,unconstrained,0,0.0,1,1,0.5166666666666667,3,4.2
constraint-compliant,5,0.03,5,3106650784,4022382748,constrained,0,0.0,1,1,0.5166666666666667,3,4.2
constraint-compliant,5,0.03,6,1026320173,839625667,medoid,1,0.016666666666666666,0,1,0.5166666666666667,3,4.6
constraint-compliant,5,0.03,6,1026320173,839625667,consensus,0,0.0,1,1,0.5166666666666667,3,4.0
constraint-compliant,5,0.03,6,1026320173,839625667,unconstrained,0,0.0,1,1,0.5166666666666667,3,4.0
constraint-compliant,5,0.03,6,1026320173,839625667,constrained,0,0.0,1,1,0.5166666666666667,3,4.0
constraint-compliant,5,0.03,7,3457296398,3340643040,medoid,2,0.03333333333333333,0,1,0.4915254237288136,3,6.6
constraint-compliant,5,0.03,7,3457296398,3340643040,consensus,0,0.0,1,1,0.4666666666666667,3,5.8
constraint-compliant,5,0.03,7,3457296398,3340643040,unconstrained,0,0.0,1,1,0.4666666666666667,3,5.8
constraint-compliant,5,0.03,7,3457296398,3340643040,constrained,0,0.0,1,1,0.4666666666666667,3,5.8
constraint-compliant,5,0.03,8,2882443761,3949533516,medoid,4,0.06666666666666667,0,0,0.4406779661016949,3,6.6
constraint-compliant,5,0.03,8,2882443761,3949533516,consensus,0,0.0,1,1,0.48333333333333334,3,4.6
constraint-compliant,5,0.03,8,2882443761,3949533516,unconstrained,0,0.0,1,1,0.48333333333333334,3,4.6
constraint-compliant,5,0.03,8,2882443761,3949533516,constrained,0,0.0,1,1,0.48333333333333334,3,4.6
constraint-compliant,5,0.03,9,338940944,470678581,medoid,3,0.05,0,1,0.45614035087719296,3,7.2
constraint-compliant,5,0.03,9,338940944,470678581,consensus,0,0.0,1,1,0.45,3,5.6
constraint-compliant,5,0.03,9,338940944,470678581,unconstrained,0,0.0,1,1,0.45,3,5.6
constraint-compliant,5,0.03,9,338940944,470678581,constrained,0,0.0,1,1,0.45,3,5.6
constraint-compliant,5,0.03,10,2616615445,2562704825,medoid,3,0.04918032786885246,0,1,0.5245901639344263,3,7.8
constraint-compliant,5,0.03,10,2616615445,2562704825,consensus,1,0.01639344262295082,0,1,0.5245901639344263,3,6.6
constraint-compliant,5,0.03,10,2616615445,2562704825,unconstrained,1,0.01639344262295082,0,1,0.5245901639344263,3,6.6
constraint-compliant,5,0.03,10,2616615445,2562704825,constrained,1,0.01639344262295082,0,1,0.5245901639344263,3,6.6
constraint-compliant,5,0.03,11,872142245,856327371,medoid,2,0.03278688524590164,0,1,0.45901639344262296,3,5.8
constraint-compliant,5,0.03,11,872142245,856327371,consensus,1,0.016666666666666666,0,1,0.4666666666666667,3,5.2
constraint-compliant,5,0.03,11,872142245,856327371,unconstrained,1,0.016666666666666666,0,1,0.4666666666666667,3,5.0
constraint-compliant,5,0.03,11,872142245,856327371,constrained,1,0.016666666666666666,0,1,0.4666666666666667,3,5.0
constraint-compliant,5,0.03,12,2120644544,1014412611,medoid,3,0.05,0,0,0.5,6,7.2
constraint-compliant,5,0.03,12,2120644544,1014412611,consensus,0,0.0,1,1,0.5333333333333333,3,5.4
constraint-compliant,5,0.03,12,2120644544,1014412611,unconstrained,0,0.0,1,1,0.5333333333333333,3,5.4
constraint-compliant,5,0.03,12,2120644544,1014412611,constrained,0,0.0,1,1,0.5333333333333333,3,5.4
constraint-compliant,5,0.03,13,4137826938,1681260276,medoid,3,0.04918032786885246,0,1,0.5409836065573771,3,5.0
constraint-compliant,5,0.03,13,4137826938,1681260276,consensus,0,0.0,1,1,0.55,3,4.0
constraint-compliant,5,0.03,13,4137826938,1681260276,unconstrained,0,0.0,1,1,0.55,3,4.0
constraint-compliant,5,0.03,13,4137826938,1681260276,constrained,0,0.0,1,1,0.55,3,4.0
constraint-compliant,5,0.03,14,667148921,1839620687,medoid,2,0.03333333333333333,0,1,0.4745762711864407,3,6.8
constraint-compliant,5,0.03,14,667148921,1839620687,consensus,1,0.016666666666666666,0,1,0.4666666666666667,3,6.4
constraint-compliant,5,0.03,14,667148921,1839620687,unconstrained,0,0.0,1,1,0.4666666666666667,3,6.2
constraint-compliant,5,0.03,14,667148921,1839620687,constrained,0,0.0,1,1,0.4666666666666667,3,6.2
constraint-compliant,5,0.03,15,2373347059,1933079679,medoid,3,0.047619047619047616,0,1,0.5238095238095238,3,7.2
constraint-compliant,5,0.03,15,2373347059,1933079679,consensus,0,0.0,1,1,0.5166666666666667,3,5.4
constraint-compliant,5,0.03,15,2373347059,1933079679,unconstrained,0,0.0,1,1,0.5166666666666667,3,5.4
constraint-compliant,5,0.03,15,2373347059,1933079679,constrained,0,0.0,1,1,0.5166666666666667,3,5.4
constraint-compliant,5,0.03,16,2189518679,1482253771,medoid,2,0.03333333333333333,0,1,0.45,2,5.8
constraint-compliant,5,0.03,16,2189518679,1482253771,consensus,0,0.0,1,1,0.45,2,4.6
constraint-compliant,5,0.03,16,2189518679,1482253771,unconstrained,0,0.0,1,1,0.45,2,4.6
constraint-compliant,5,0.03,16,2189518679,1482253771,constrained,0,0.0,1,1,0.45,2,4.6
constraint-compliant,5,0.03,17,1967734737,196396363,medoid,3,0.05,0,1,0.5254237288135594,3,6.0
constraint-compliant,5,0.03,17,1967734737,196396363,consensus,0,0.0,1,1,0.55,3,4.4
constraint-compliant,5,0.03,17,1967734737,196396363,unconstrained,0,0.0,1,1,0.55,3,4.4
constraint-compliant,5,0.03,17,1967734737,196396363,constrained,0,0.0,1,1,0.55,3,4.4
constraint-compliant,5,0.03,18,3388555286,816821361,medoid,1,0.01639344262295082,0,1,0.5081967213114754,3,4.8
constraint-compliant,5,0.03,18,3388555286,816821361,consensus,0,0.0,1,1,0.5,3,4.2
constraint-compliant,5,0.03,18,3388555286,816821361,unconstrained,0,0.0,1,1,0.5,3,4.2
constraint-compliant,5,0.03,18,3388555286,816821361,constrained,0,0.0,1,1,0.5,3,4.2
constraint-compliant,5,0.03,19,3285119631,3927045531,medoid,3,0.05,0,1,0.4827586206896552,3,5.8
constraint-compliant,5,0.03,19,3285119631,3927045531,consensus,1,0.016666666666666666,0,1,0.4745762711864407,3,5.0
constraint-compliant,5,0.03,19,3285119631,3927045531,unconstrained,1,0.016666666666666666,0,1,0.4745762711864407,3,5.0
constraint-compliant,5,0.03,19,3285119631,3927045531,constrained,1,0.016666666666666666,0,1,0.4745762711864407,3,5.0
constraint-compliant,5,0.06,0,3375343717,3943831023,medoid,12,0.1935483870967742,0,1,0.45161290322580644,3,15.8
constraint-compliant,5,0.06,0,3375343717,3943831023,consensus,9,0.14754098360655737,0,1,0.47540983606557374,3,14.4
constraint-compliant,5,0.06,0,3375343717,3943831023,unconstrained,7,0.11475409836065574,0,1,0.45901639344262296,3,13.8
constraint-compliant,5,0.06,0,3375343717,3943831023,constrained,7,0.11475409836065574,0,1,0.45901639344262296,3,13.8
constraint-compliant,5,0.06,1,2448879298,4021873878,medoid,8,0.13333333333333333,0,1,0.5423728813559322,3,13.2
constraint-compliant,5,0.06,1,2448879298,4021873878,consensus,4,0.06666666666666667,0,0,0.5333333333333333,5,11.2
constraint-compliant,5,0.06,1,2448879298,4021873878,unconstrained,3,0.05,0,1,0.5,3,10.4
constraint-compliant,5,0.06,1,2448879298,4021873878,constrained,3,0.05,0,1,0.5,3,10.4
constraint-compliant,5,0.06,2,3813195809,620777580,medoid,8,0.12903225806451613,0,0,0.5645161290322581,3,11.8
constraint-compliant,5,0.06,2,3813195809,620777580,consensus,4,0.06451612903225806,0,1,0.5483870967741935,3,9.4
constraint-compliant,5,0.06,2,3813195809,620777580,unconstrained,4,0.06451612903225806,0,1,0.5483870967741935,3,9.4
constraint-compliant,5,0.06,2,3813195809,620777580,constrained,4,0.06451612903225806,0,1,0.5483870967741935,3,9.4
constraint-compliant,5,0.06,3,1136981572,2864241658,medoid,6,0.1,0,1,0.4745762711864407,3,9.8
constraint-compliant,5,0.06,3,1136981572,2864241658,consensus,3,0.05,0,1,0.4745762711864407,3,8.2
constraint-compliant,5,0.06,3,1136981572,2864241658,unconstrained,2,0.03333333333333333,0,1,0.4745762711864407,3,8.0
constraint-compliant,5,0.06,3,1136981572,2864241658,constrained,2,0.03333333333333333,0,1,0.4745762711864407,3,8.0
constraint-compliant,5,0.06,4,3142483855,4269858263,medoid,7,0.11290322580645161,0,1,0.45161290322580644,3,11.8
constraint-compliant,5,0.06,4,3142483855,4269858263,consensus,6,0.0967741935483871,0,1,0.46774193548387094,3,11.4
constraint-compliant,5,0.06,4,3142483855,4269858263,unconstrained,4,0.06451612903225806,0,1,0.46774193548387094,3,10.8
constraint-compliant,5,0.06,4,3142483855,4269858263,constrained,4,0.06451612903225806,0,1,0.46774193548387094,3,10.8
constraint-compliant,5,0.06,5,1282579850,2587856042,medoid,7,0.1111111111111111,0,1,0.47619047619047616,3,13.4
constraint-compliant,5,0.06,5,1282579850,2587856042,consensus,4,0.06451612903225806,0,1,0.5,3,12.6
constraint-compliant,5,0.06,5,1282579850,2587856042,unconstrained,4,0.06451612903225806,0,1,0.5,3,12.4
constraint-compliant,5,0.06,5,1282579850,2587856042,constrained,4,0.06451612903225806,0,1,0.5,3,12.4
constraint-compliant,5,0.06,6,3144205644,4083945975,medoid,7,0.11666666666666667,0,1,0.5166666666666667,3,13.6
constraint-compliant,5,0.06,6,3144205644,4083945975,consensus,5,0.08196721311475409,0,1,0.4918032786885246,3,12.2
constraint-compliant,5,0.06,6,3144205644,4083945975,unconstrained,4,0.06557377049180328,0,1,0.5081967213114754,3,11.6
constraint-compliant,5,0.06,6,3144205644,4083945975,constrained,4,0.06557377049180328,0,1,0.5081967213114754,3,11.6
constraint-compliant,5,0.06,7,2938897122,340273517,medoid,12,0.19672131147540983,0,0,0.4262295081967213,3,15.4
constraint-compliant,5,0.06,7,2938897122,340273517,consensus,4,0.06557377049180328,0,1,0.45901639344262296,3,12.4
constraint-compliant,5,0.06,7,2938897122,340273517,unconstrained,1,0.01639344262295082,0,0,0.4426229508196721,3,11.6
constraint-compliant,5,0.06,7,2938897122,340273517,constrained,1,0.01639344262295082,0,1,0.45901639344262296,3,11.8
constraint-compliant,5,0.06,8,738474473,1579461361,medoid,9,0.15,0,0,0.5932203389830508,2,12.2
constraint-compliant,5,0.06,8,738474473,1579461361,consensus,6,0.1,0,0,0.5932203389830508,2,10.8
constraint-compliant,5,0.06,8,738474473,1579461361,unconstrained,3,0.05,0,0,0.5932203389830508,3,9.8
constraint-compliant,5,0.06,8,738474473,1579461361,constrained,5,0.08333333333333333,0,1,0.5423728813559322,2,10.4
constraint-compliant,5,0.06,9,171191441,1536692023,medoid,8,0.13333333333333333,0,0,0.41818181818181815,3,14.6
constraint-compliant,5,0.06,9,171191441,1536692023,consensus,4,0.06666666666666667,0,0,0.42105263157894735,3,12.4
constraint-compliant,5,0.06,9,171191441,1536692023,unconstrained,4,0.06666666666666667,0,0,0.42105263157894735,3,12.2
constraint-compliant,5,0.06,9,171191441,1536692023,constrained,3,0.05,0,1,0.45614035087719296,3,12.6
constraint-compliant,5,0.06,10,1082135097,105054517,medoid,8,0.13333333333333333,0,1,0.5178571428571429,3,13.2
constraint-compliant,5,0.06,10,1082135097,105054517,consensus,7,0.11666666666666667,0,1,0.5263157894736842,3,12.4
constraint-compliant,5,0.06,10,1082135097,105054517,unconstrained,7,0.11666666666666667,0,1,0.5263157894736842,3,12.4
constraint-compliant,5,0.06,10,1082135097,105054517,constrained,7,0.11666666666666667,0,1,0.5263157894736842,3,12.4
constraint-compliant,5,0.06,11,420908883,2446784798,medoid,5,0.08064516129032258,0,1,0.5161290322580645,3,10.4
constraint-compliant,5,0.06,11,420908883,2446784798,consensus,3,0.04918032786885246,0,1,0.5081967213114754,3,9.4
constraint-compliant,5,0.06,11,420908883,2446784798,unconstrained,2,0.03278688524590164,0,1,0.5245901639344263,3,8.8
constraint-compliant,5,0.06,11,420908883,2446784798,constrained,2,0.03278688524590164,0,1,0.5245901639344263,3,8.8
constraint-compliant,5,0.06,12,1955140303,1250455732,medoid,10,0.16666666666666666,0,1,0.48333333333333334,3,13.6
constraint-compliant,5,0.06,12,1955140303,1250455732,consensus,7,0.11666666666666667,0,1,0.5,3,12.2
constraint-compliant,5,0.06,12,1955140303,1250455732,unconstrained,4,0.06666666666666667,0,1,0.48333333333333334,3,11.4
constraint-compliant,5,0.06,12,1955140303,1250455732,constrained,4,0.06666666666666667,0,1,0.48333333333333334,3,11.4
constraint-compliant,5,0.06,13,1730539662,865253623,medoid,8,0.12903225806451613,0,1,0.46774193548387094,3,11.6
constraint-compliant,5,0.06,13,1730539662,865253623,consensus,5,0.08333333333333333,0,1,0.45,3,10.0
constraint-compliant,5,0.06,13,1730539662,865253623,unconstrained,3,0.05,0,1,0.4666666666666667,3,9.4
constraint-compliant,5,0.06,13,1730539662,865253623,constrained,3,0.05,0,1,0.4666666666666667,3,9.4
constraint-compliant,5,0.06,14,3293266464,2118487762,medoid,10,0.16666666666666666,0,0,0.5818181818181818,3,13.2
constraint-compliant,5,0.06,14,3293266464,2118487762,consensus,7,0.11666666666666667,0,0,0.5636363636363636,3,11.6
constraint-compliant,5,0.06,14,3293266464,2118487762,unconstrained,5,0.08333333333333333,0,1,0.5454545454545454,3,11.0
constraint-compliant,5,0.06,14,3293266464,2118487762,constrained,5,0.08333333333333333,0,1,0.5454545454545454,3,11.0
constraint-compliant,5,0.06,15,3162394743,1271988946,medoid,11,0.18333333333333332,0,1,0.47368421052631576,3,16.6
constraint-compliant,5,0.06,15,3162394743,1271988946,consensus,7,0.11666666666666667,0,0,0.43859649122807015,3,14.6
constraint-compliant,5,0.06,15,3162394743,1271988946,unconstrained,7,0.11666666666666667,0,0,0.42105263157894735,3,14.4
constraint-compliant,5,0.06,15,3162394743,1271988946,constrained,7,0.11666666666666667,0,1,0.45614035087719296,3,14.4
constraint-compliant,5,0.06,16,3942979482,1574378589,medoid,7,0.11666666666666667,0,1,0.48333333333333334,3,13.4
constraint-compliant,5,0.06,16,3942979482,1574378589,consensus,2,0.03333333333333333,0,1,0.4915254237288136,3,11.4
constraint-compliant,5,0.06,16,3942979482,1574378589,unconstrained,1,0.016666666666666666,0,1,0.5084745762711864,3,11.0
constraint-compliant,5,0.06,16,3942979482,1574378589,constrained,1,0.016666666666666666,0,1,0.5084745762711864,3,11.0
constraint-compliant,5,0.06,17,884280306,778462250,medoid,7,0.11666666666666667,0,0,0.4666666666666667,5,13.8
constraint-compliant,5,0.06,17,884280306,778462250,consensus,4,0.06666666666666667,0,1,0.5084745762711864,3,12.6
constraint-compliant,5,0.06,17,884280306,778462250,unconstrained,4,0.06666666666666667,0,1,0.5084745762711864,3,11.8
constraint-compliant,5,0.06,17,884280306,778462250,constrained,4,0.06666666666666667,0,1,0.5084745762711864,3,11.8
constraint-compliant,5,0.06,18,2248115729,1450479992,medoid,12,0.2,0,0,0.5,5,14.0
constraint-compliant,5,0.06,18,2248115729,1450479992,consensus,11,0.18333333333333332,0,0,0.5166666666666667,5,13.2
constraint-compliant,5,0.06,18,2248115729,1450479992,unconstrained,8,0.13333333333333333,0,1,0.5,3,12.0
constraint-compliant,5,0.06,18,2248115729,1450479992,constrained,8,0.13333333333333333,0,1,0.5,3,12.0
constraint-compliant,5,0.06,19,2803366307,385157872,medoid,7,0.11290322580645161,0,1,0.46774193548387094,3,11.8
constraint-compliant,5,0.06,19,2803366307,385157872,consensus,2,0.03333333333333333,0,1,0.48333333333333334,3,9.4
constraint-compliant,5,0.06,19,2803366307,385157872,unconstrained,2,0.03333333333333333,0,1,0.4666666666666667,3,9.2
constraint-compliant,5,0.06,19,2803366307,385157872,constrained,2,0.03333333333333333,0,1,0.4666666666666667,3,9.2
constraint-compliant,10,0.03,0,1042448182,2747298236,medoid,3,0.05,0,0,0.5,4,6.5
constraint-compliant,10,0.03,0,1042448182,2747298236,consensus,1,0.016666666666666666,0,1,0.5,3,5.2
constraint-compliant,10,0.03,0,1042448182,2747298236,unconstrained,0,0.0,1,1,0.48333333333333334,3,5.0
constraint-compliant,10,0.03,0,1042448182,2747298236,constrained,0,0.0,1,1,0.48333333333333334,3,5.0
constraint-compliant,10,0.03,1,973318215,2273127057,medoid,2,0.03333333333333333,0,1,0.5084745762711864,2,7.2
constraint-compliant,10,0.03,1,973318215,2273127057,consensus,0,0.0,1,1,0.5,2,6.0
constraint-compliant,10,0.03,1,973318215,2273127057,unconstrained,0,0.0,1,1,0.5,2,6.0
constraint-compliant,10,0.03,1,973318215,2273127057,constrained,0,0.0,1,1,0.5,2,6.0
constraint-compliant,10,0.03,2,2971072727,134455089,medoid,4,0.06666666666666667,0,1,0.5333333333333333,3,7.9
constraint-compliant,10,0.03,2,2971072727,134455089,consensus,0,0.0,1,1,0.5333333333333333,2,5.9
constraint-compliant,10,0.03,2,2971072727,134455089,unconstrained,0,0.0,1,1,0.5333333333333333,2,5.9
constraint-compliant,10,0.03,2,2971072727,134455089,constrained,0,0.0,1,1,0.5333333333333333,2,5.9
constraint-compliant,10,0.03,3,1887132067,1121287394,medoid,2,0.03333333333333333,0,1,0.48333333333333334,3,6.7
constraint-compliant,10,0.03,3,1887132067,1121287394,consensus,0,0.0,1,1,0.48333333333333334,3,5.2
constraint-compliant,10,0.03,3,1887132067,1121287394,unconstrained,0,0.0,1,1,0.48333333333333334,3,5.2
constraint-compliant,10,0.03,3,1887132067,1121287394,constrained,0,0.0,1,1,0.48333333333333334,3,5.2
constraint-compliant,10,0.03,4,4088313082,2295554632,medoid,2,0.03278688524590164,0,1,0.5245901639344263,3,6.6
constraint-compliant,10,0.03,4,4088313082,2295554632,consensus,0,0.0,1,1,0.5166666666666667,3,5.0
constraint-compliant,10,0.03,4,4088313082,2295554632,unconstrained,0,0.0,1,1,0.5166666666666667,3,5.0
constraint-compliant,10,0.03,4,4088313082,2295554632,constrained,0,0.0,1,1,0.5166666666666667,3,5.0
constraint-compliant,10,0.03,5,3499183825,3186575923,medoid,2,0.03278688524590164,0,1,0.5409836065573771,3,6.7
constraint-compliant,10,0.03,5,3499183825,3186575923,consensus,0,0.0,1,1,0.55,3,5.2
constraint-compliant,10,0.03,5,3499183825,3186575923,unconstrained,0,0.0,1,1,0.55,3,5.2
constraint-compliant,10,0.03,5,3499183825,3186575923,constrained,0,0.0,1,1,0.55,3,5.2
constraint-compliant,10,0.03,6,1215995072,2679430164,medoid,1,0.016666666666666666,0,1,0.5166666666666667,3,5.1
constraint-compliant,10,0.03,6,1215995072,2679430164,consensus,0,0.0,1,1,0.5166666666666667,3,4.3
constraint-compliant,10,0.03,6,1215995072,2679430164,unconstrained,0,0.0,1,1,0.5166666666666667,3,4.3
constraint-compliant,10,0.03,6,1215995072,2679430164,constrained,0,0.0,1,1,0.5166666666666667,3,4.3
constraint-compliant,10,0.03,7,1193597766,3071842389,medoid,2,0.03278688524590164,0,1,0.5245901639344263,3,6.5
constraint-compliant,10,0.03,7,1193597766,3071842389,consensus,0,0.0,1,1,0.5,3,5.1
constraint-compliant,10,0.03,7,1193597766,3071842389,unconstrained,0,0.0,1,1,0.5,3,5.1
constraint-compliant,10,0.03,7,1193597766,3071842389,constrained,0,0.0,1,1,0.5,3,5.1
constraint-compliant,10,0.03,8,995514294,2807047881,medoid,2,0.03333333333333333,0,1,0.45,3,6.1
constraint-compliant,10,0.03,8,995514294,2807047881,consensus,0,0.0,1,1,0.45,3,4.5
constraint-compliant,10,0.03,8,995514294,2807047881,unconstrained,0,0.0,1,1,0.45,3,4.5
constraint-compliant,10,0.03,8,995514294,2807047881,constrained,0,0.0,1,1,0.45,3,4.5
constraint-compliant,10,0.03,9,407508795,2339061925,medoid,3,0.05,0,1,0.5333333333333333,3,7.3
constraint-compliant,10,0.03,9,407508795,2339061925,consensus,1,0.016666666666666666,0,1,0.5254237288135594,3,5.9
constraint-compliant,10,0.03,9,407508795,2339061925,unconstrained,1,0.016666666666666666,0,1,0.5254237288135594,3,5.9
constraint-compliant,10,0.03,9,407508795,2339061925,constrained,1,0.016666666666666666,0,1,0.5254237288135594,3,5.9
constraint-compliant,10,0.03,10,160885821,1773251229,medoid,0,0.0,1,1,0.5,3,4.5
constraint-compliant,10,0.03,10,160885821,1773251229,consensus,0,0.0,1,1,0.5,3,4.5
constraint-compliant,10,0.03,10,160885821,1773251229,unconstrained,0,0.0,1,1,0.5,3,4.5
constraint-compliant,10,0.03,10,160885821,1773251229,constrained,0,0.0,1,1,0.5,3,4.5
constraint-compliant,10,0.03,11,1760320957,1505963783,medoid,3,0.04918032786885246,0,0,0.4098360655737705,3,7.5
constraint-compliant,10,0.03,11,1760320957,1505963783,consensus,0,0.0,1,1,0.45,3,5.3
constraint-compliant,10,0.03,11,1760320957,1505963783,unconstrained,0,0.0,1,1,0.45,3,5.3
constraint-compliant,10,0.03,11,1760320957,1505963783,constrained,0,0.0,1,1,0.45,3,5.3
constraint-compliant,10,0.03,12,3985551165,109583818,medoid,4,0.06666666666666667,0,1,0.48333333333333334,3,9.8
constraint-compliant,10,0.03,12,3985551165,109583818,consensus,0,0.0,1,1,0.48333333333333334,3,6.8
constraint-compliant,10,0.03,12,3985551165,109583818,unconstrained,0,0.0,1,1,0.48333333333333334,3,6.8
constraint-compliant,10,0.03,12,3985551165,109583818,constrained,0,0.0,1,1,0.48333333333333334,3,6.8
constraint-compliant,10,0.03,13,3271124276,909484807,medoid,3,0.05,0,0,0.5,4,7.0
constraint-compliant,10,0.03,13,3271124276,909484807,consensus,0,0.0,1,1,0.48333333333333334,3,5.1
constraint-compliant,10,0.03,13,3271124276,909484807,unconstrained,0,0.0,1,1,0.48333333333333334,3,5.1
constraint-compliant,10,0.03,13,3271124276,909484807,constrained,0,0.0,1,1,0.48333333333333334,3,5.1
constraint-compliant,10,0.03,14,3197467639,82044300,medoid,1,0.016666666666666666,0,1,0.5423728813559322,3,4.9
constraint-compliant,10,0.03,14,3197467639,82044300,consensus,1,0.016666666666666666,0,1,0.5423728813559322,3,4.9
constraint-compliant,10,0.03,14,3197467639,82044300,unconstrained,1,0.016666666666666666,0,1,0.5254237288135594,3,4.7
constraint-compliant,10,0.03,14,3197467639,82044300,constrained,1,0.016666666666666666,0,1,0.5254237288135594,3,4.7
constraint-compliant,10,0.03,15,2170736686,1411154376,medoid,2,0.03333333333333333,0,0,0.5333333333333333,4,6.2
constraint-compliant,10,0.03,15,2170736686,1411154376,consensus,0,0.0,1,1,0.5166666666666667,3,4.8
constraint-compliant,10,0.03,15,2170736686,1411154376,unconstrained,0,0.0,1,1,0.5166666666666667,3,4.8
constraint-compliant,10,0.03,15,2170736686,1411154376,constrained,0,0.0,1,1,0.5166666666666667,3,4.8
constraint-compliant,10,0.03,16,4288572832,4075012876,medoid,2,0.03333333333333333,0,1,0.46551724137931033,3,7.0
constraint-compliant,10,0.03,16,4288572832,4075012876,consensus,0,0.0,1,1,0.45,3,5.6
constraint-compliant,10,0.03,16,4288572832,4075012876,unconstrained,0,0.0,1,1,0.45,3,5.6
constraint-compliant,10,0.03,16,4288572832,4075012876,constrained,0,0.0,1,1,0.45,3,5.6
constraint-compliant,10,0.03,17,3253393655,2367519575,medoid,3,0.05,0,1,0.5,3,8.5
constraint-compliant,10,0.03,17,3253393655,2367519575,consensus,0,0.0,1,1,0.5,3,6.5
constraint-compliant,10,0.03,17,3253393655,2367519575,unconstrained,0,0.0,1,1,0.5,3,6.5
constraint-compliant,10,0.03,17,3253393655,2367519575,constrained,0,0.0,1,1,0.5,3,6.5
constraint-compliant,10,0.03,18,785816804,1386623467,medoid,1,0.01639344262295082,0,0,0.4426229508196721,3,4.8
constraint-compliant,10,0.03,18,785816804,1386623467,consensus,0,0.0,1,1,0.45,3,4.1
constraint-compliant,10,0.03,18,785816804,1386623467,unconstrained,0,0.0,1,1,0.45,3,4.1
constraint-compliant,10,0.03,18,785816804,1386623467,constrained,0,0.0,1,1,0.45,3,4.1
constraint-compliant,10,0.03,19,742574649,2163942862,medoid,3,0.05,0,1,0.49122807017543857,3,7.5
constraint-compliant,10,0.03,19,742574649,2163942862,consensus,1,0.016666666666666666,0,1,0.4745762711864407,3,6.2
constraint-compliant,10,0.03,19,742574649,2163942862,unconstrained,1,0.016666666666666666,0,1,0.4915254237288136,3,5.8
constraint-compliant,10,0.03,19,742574649,2163942862,constrained,1,0.016666666666666666,0,1,0.4915254237288136,3,5.8
constraint-compliant,10,0.06,0,3547208632,1851282669,medoid,8,0.13333333333333333,0,0,0.5,4,15.5
constraint-compliant,10,0.06,0,3547208632,1851282669,consensus,4,0.06666666666666667,0,0,0.5087719298245614,4,13.0
constraint-compliant,10,0.06,0,3547208632,1851282669,unconstrained,3,0.05,0,1,0.45614035087719296,3,12.3
constraint-compliant,10,0.06,0,3547208632,1851282669,constrained,3,0.05,0,1,0.45614035087719296,3,12.3
constraint-compliant,10,0.06,1,239489798,2712918675,medoid,6,0.09836065573770492,0,1,0.4918032786885246,3,13.0
constraint-compliant,10,0.06,1,239489798,2712918675,consensus,2,0.03333333333333333,0,1,0.55,3,10.9
constraint-compliant,10,0.06,1,239489798,2712918675,unconstrained,0,0.0,1,1,0.55,3,10.3
constraint-compliant,10,0.06,1,239489798,2712918675,constrained,2,0.03333333333333333,0,1,0.55,3,10.9
constraint-compliant,10,0.06,2,2017084240,2670634919,medoid,6,0.1,0,1,0.5344827586206896,3,13.7
constraint-compliant,10,0.06,2,2017084240,2670634919,consensus,3,0.05,0,1,0.5172413793103449,3,12.2
constraint-compliant,10,0.06,2,2017084240,2670634919,unconstrained,2,0.03333333333333333,0,1,0.5172413793103449,2,11.6
constraint-compliant,10,0.06,2,2017084240,2670634919,constrained,2,0.03333333333333333,0,1,0.5172413793103449,2,11.6
constraint-compliant,10,0.06,3,3233295771,3383409726,medoid,8,0.13333333333333333,0,1,0.55,3,15.2
constraint-compliant,10,0.06,3,3233295771,3383409726,consensus,1,0.016666666666666666,0,0,0.559322033898305,3,10.9
constraint-compliant,10,0.06,3,3233295771,3383409726,unconstrained,1,0.016666666666666666,0,1,0.5423728813559322,3,10.5
constraint-compliant,10,0.06,3,3233295771,3383409726,constrained,1,0.016666666666666666,0,1,0.5423728813559322,3,10.5
constraint-compliant,10,0.06,4,2440539808,3725531240,medoid,8,0.13333333333333333,0,1,0.5344827586206896,3,14.4
constraint-compliant,10,0.06,4,2440539808,3725531240,consensus,2,0.03333333333333333,0,1,0.5084745762711864,3,10.9
constraint-compliant,10,0.06,4,2440539808,3725531240,unconstrained,1,0.016666666666666666,0,1,0.5084745762711864,3,10.6
constraint-compliant,10,0.06,4,2440539808,3725531240,constrained,1,0.016666666666666666,0,1,0.5084745762711864,3,10.6
constraint-compliant,10,0.06,5,4150848446,531907893,medoid,4,0.06666666666666667,0,1,0.5423728813559322,3,13.0
constraint-compliant,10,0.06,5,4150848446,531907893,consensus,2,0.03333333333333333,0,1,0.5344827586206896,3,11.9
constraint-compliant,10,0.06,5,4150848446,531907893,unconstrained,2,0.03333333333333333,0,1,0.5172413793103449,3,11.6
constraint-compliant,10,0.06,5,4150848446,531907893,constrained,2,0.03333333333333333,0,1,0.5172413793103449,3,11.6
constraint-compliant,10,0.06,6,2477959180,1424866594,medoid,7,0.11666666666666667,0,0,0.5833333333333334,3,14.4
constraint-compliant,10,0.06,6,2477959180,1424866594,consensus,2,0.03333333333333333,0,1,0.55,3,11.0
constraint-compliant,10,0.06,6,2477959180,1424866594,unconstrained,2,0.03333333333333333,0,1,0.5333333333333333,3,10.9
constraint-compliant,10,0.06,6,2477959180,1424866594,constrained,2,0.03333333333333333,0,1,0.5333333333333333,3,10.9
constraint-compliant,10,0.06,7,279377892,3937796499,medoid,6,0.09836065573770492,0,0,0.4426229508196721,2,12.1
constraint-compliant,10,0.06,7,279377892,3937796499,consensus,1,0.016666666666666666,0,0,0.4406779661016949,3,8.9
constraint-compliant,10,0.06,7,279377892,3937796499,unconstrained,1,0.016666666666666666,0,0,0.4406779661016949,3,8.9
constraint-compliant,10,0.06,7,279377892,3937796499,constrained,1,0.016666666666666666,0,1,0.4576271186440678,3,9.1
constraint-compliant,10,0.06,8,2684451434,3840115922,medoid,8,0.13333333333333333,0,1,0.48333333333333334,3,14.4
constraint-compliant,10,0.06,8,2684451434,3840115922,consensus,3,0.05,0,1,0.5084745762711864,3,12.2
constraint-compliant,10,0.06,8,2684451434,3840115922,unconstrained,3,0.05,0,1,0.5254237288135594,3,12.1
constraint-compliant,10,0.06,8,2684451434,3840115922,constrained,3,0.05,0,1,0.5254237288135594,3,12.1
constraint-compliant,10,0.06,9,3254099472,4203831045,medoid,7,0.1111111111111111,0,1,0.49206349206349204,3,13.9
constraint-compliant,10,0.06,9,3254099472,4203831045,consensus,3,0.04918032786885246,0,1,0.5081967213114754,3,11.8
constraint-compliant,10,0.06,9,3254099472,4203831045,unconstrained,3,0.04918032786885246,0,1,0.5081967213114754,3,11.5
constraint-compliant,10,0.06,9,3254099472,4203831045,constrained,3,0.04918032786885246,0,1,0.5081967213114754,3,11.5
constraint-compliant,10,0.06,10,3211628494,1336688841,medoid,5,0.08333333333333333,0,1,0.4576271186440678,3,12.0
constraint-compliant,10,0.06,10,3211628494,1336688841,consensus,1,0.016666666666666666,0,1,0.4745762711864407,3,9.5
constraint-compliant,10,0.06,10,3211628494,1336688841,unconstrained,1,0.016666666666666666,0,1,0.4745762711864407,3,9.5
constraint-compliant,10,0.06,10,3211628494,1336688841,constrained,1,0.016666666666666666,0,1,0.4745762711864407,3,9.5
constraint-compliant,10,0.06,11,506309356,1018297368,medoid,8,0.13333333333333333,0,1,0.4666666666666667,3,13.5
constraint-compliant,10,0.06,11,506309356,1018297368,consensus,2,0.03333333333333333,0,1,0.5172413793103449,3,10.2
constraint-compliant,10,0.06,11,506309356,1018297368,unconstrained,2,0.03333333333333333,0,1,0.5172413793103449,3,9.7
constraint-compliant,10,0.06,11,506309356,1018297368,constrained,2,0.03333333333333333,0,1,0.5172413793103449,3,9.7
constraint-compliant,10,0.06,12,4185960281,335860884,medoid,7,0.11666666666666667,0,1,0.543859649122807,3,12.5
constraint-compliant,10,0.06,12,4185960281,335860884,consensus,2,0.03333333333333333,0,1,0.5344827586206896,3,9.5
constraint-compliant,10,0.06,12,4185960281,335860884,unconstrained,2,0.03333333333333333,0,1,0.5344827586206896,3,9.5
constraint-compliant,10,0.06,12,4185960281,335860884,constrained,2,0.03333333333333333,0,1,0.5344827586206896,3,9.5
constraint-compliant,10,0.06,13,871182290,3866843114,medoid,6,0.1,0,0,0.5666666666666667,4,12.2
constraint-compliant,10,0.06,13,871182290,3866843114,consensus,1,0.016666666666666666,0,1,0.5084745762711864,3,9.1
constraint-compliant,10,0.06,13,871182290,3866843114,unconstrained,1,0.016666666666666666,0,1,0.4915254237288136,3,8.8
constraint-compliant,10,0.06,13,871182290,3866843114,constrained,1,0.016666666666666666,0,1,0.4915254237288136,3,8.8
constraint-compliant,10,0.06,14,1248751497,2217755987,medoid,9,0.15,0,1,0.5272727272727272,3,13.8
constraint-compliant,10,0.06,14,1248751497,2217755987,consensus,4,0.06666666666666667,0,1,0.5,3,11.5
constraint-compliant,10,0.06,14,1248751497,2217755987,unconstrained,4,0.06666666666666667,0,1,0.5,3,11.3
constraint-compliant,10,0.06,14,1248751497,2217755987,constrained,4,0.06666666666666667,0,1,0.5,3,11.3
constraint-compliant,10,0.06,15,4160287958,790476155,medoid,4,0.06557377049180328,0,0,0.4426229508196721,3,12.2
constraint-compliant,10,0.06,15,4160287958,790476155,consensus,0,0.0,1,1,0.45,3,9.4
constraint-compliant,10,0.06,15,4160287958,790476155,unconstrained,0,0.0,1,1,0.45,3,9.4
constraint-compliant,10,0.06,15,4160287958,790476155,constrained,0,0.0,1,1,0.45,3,9.4
constraint-compliant,10,0.06,16,476362685,2029183000,medoid,9,0.15,0,0,0.48333333333333334,4,14.2
constraint-compliant,10,0.06,16,476362685,2029183000,consensus,4,0.06666666666666667,0,1,0.47368421052631576,3,11.5
constraint-compliant,10,0.06,16,476362685,2029183000,unconstrained,3,0.05,0,1,0.49122807017543857,3,10.9
constraint-compliant,10,0.06,16,476362685,2029183000,constrained,3,0.05,0,1,0.49122807017543857,3,10.9
constraint-compliant,10,0.06,17,2002872046,3809397320,medoid,7,0.1111111111111111,0,1,0.5079365079365079,3,14.8
constraint-compliant,10,0.06,17,2002872046,3809397320,consensus,3,0.05,0,1,0.5166666666666667,3,12.7
constraint-compliant,10,0.06,17,2002872046,3809397320,unconstrained,0,0.0,1,1,0.5166666666666667,3,11.6
constraint-compliant,10,0.06,17,2002872046,3809397320,constrained,0,0.0,1,1,0.5166666666666667,3,11.6
constraint-compliant,10,0.06,18,2993287780,2872731141,medoid,6,0.1,0,1,0.47368421052631576,2,12.9
constraint-compliant,10,0.06,18,2993287780,2872731141,consensus,0,0.0,1,1,0.45,2,9.8
constraint-compliant,10,0.06,18,2993287780,2872731141,unconstrained,0,0.0,1,1,0.45,2,9.8
constraint-compliant,10,0.06,18,2993287780,2872731141,constrained,0,0.0,1,1,0.45,2,9.8
constraint-compliant,10,0.06,19,173752783,1707215831,medoid,6,0.1,0,0,0.5333333333333333,4,12.8
constraint-compliant,10,0.06,19,173752783,1707215831,consensus,0,0.0,1,1,0.5333333333333333,3,9.6
constraint-compliant,10,0.06,19,173752783,1707215831,unconstrained,0,0.0,1,1,0.5333333333333333,3,9.6
constraint-compliant,10,0.06,19,173752783,1707215831,constrained,0,0.0,1,1,0.5333333333333333,3,9.6
gc-negative-control,5,0.03,0,1154725931,3799179997,medoid,1,0.016666666666666666,0,0,0.36666666666666664,3,3.2
gc-negative-control,5,0.03,0,1154725931,3799179997,consensus,0,0.0,1,0,0.35,3,2.6
gc-negative-control,5,0.03,0,1154725931,3799179997,unconstrained,0,0.0,1,0,0.35,3,2.6
gc-negative-control,5,0.03,0,1154725931,3799179997,constrained,3,0.05,0,0,0.4,3,4.4
gc-negative-control,5,0.03,1,3053124999,651467771,medoid,3,0.05,0,0,0.3728813559322034,3,8.0
gc-negative-control,5,0.03,1,3053124999,651467771,consensus,1,0.016666666666666666,0,0,0.3559322033898305,3,7.0
gc-negative-control,5,0.03,1,3053124999,651467771,unconstrained,1,0.016666666666666666,0,0,0.3559322033898305,3,7.0
gc-negative-control,5,0.03,1,3053124999,651467771,constrained,4,0.06666666666666667,0,0,0.4067796610169492,3,8.6
gc-negative-control,5,0.03,2,1456365665,2130360327,medoid,3,0.04838709677419355,0,0,0.3709677419354839,4,6.8
gc-negative-control,5,0.03,2,1456365665,2130360327,consensus,0,0.0,1,0,0.36666666666666664,3,5.4
gc-negative-control,5,0.03,2,1456365665,2130360327,unconstrained,0,0.0,1,0,0.36666666666666664,3,5.4
gc-negative-control,5,0.03,2,1456365665,2130360327,constrained,3,0.05,0,0,0.4166666666666667,3,7.2
gc-negative-control,5,0.03,3,1443706088,232421394,medoid,4,0.06666666666666667,0,0,0.2982456140350877,3,7.0
gc-negative-control,5,0.03,3,1443706088,232421394,consensus,1,0.016666666666666666,0,0,0.3220338983050847,3,5.6
gc-negative-control,5,0.03,3,1443706088,232421394,unconstrained,1,0.016666666666666666,0,0,0.3220338983050847,3,5.6
gc-negative-control,5,0.03,3,1443706088,232421394,constrained,4,0.06666666666666667,0,0,0.3728813559322034,3,7.4
gc-negative-control,5,0.03,4,4050480005,1073260722,medoid,6,0.1,0,0,0.3,3,9.6
gc-negative-control,5,0.03,4,4050480005,1073260722,consensus,3,0.05,0,0,0.3050847457627119,3,8.0
gc-negative-control,5,0.03,4,4050480005,1073260722,unconstrained,3,0.05,0,0,0.3050847457627119,3,8.0
gc-negative-control,5,0.03,4,4050480005,1073260722,constrained,5,0.08333333333333333,0,0,0.3559322033898305,3,9.4
gc-negative-control,5,0.03,5,4247968526,2856026526,medoid,3,0.047619047619047616,0,0,0.36507936507936506,2,7.0
gc-negative-control,5,0.03,5,4247968526,2856026526,consensus,0,0.0,1,0,0.36666666666666664,2,5.4
gc-negative-control,5,0.03,5,4247968526,2856026526,unconstrained,0,0.0,1,0,0.36666666666666664,2,5.4
gc-negative-control,5,0.03,5,4247968526,2856026526,constrained,3,0.05,0,0,0.4166666666666667,2,7.0
gc-negative-control,5,0.03,6,4148845818,1393863584,medoid,3,0.05,0,0,0.2982456140350877,3,5.8
gc-negative-control,5,0.03,6,4148845818,1393863584,consensus,1,0.016666666666666666,0,0,0.3050847457627119,3,5.2
gc-negative-control,5,0.03,6,4148845818,1393863584,unconstrained,1,0.016666666666666666,0,0,0.3050847457627119,3,5.2
gc-negative-control,5,0.03,6,4148845818,1393863584,constrained,3,0.05,0,0,0.3559322033898305,3,6.6
gc-negative-control,5,0.03,7,3850992482,769824562,medoid,3,0.05,0,0,0.2711864406779661,4,6.2
gc-negative-control,5,0.03,7,3850992482,769824562,consensus,1,0.016666666666666666,0,0,0.2711864406779661,4,5.4
gc-negative-control,5,0.03,7,3850992482,769824562,unconstrained,1,0.016666666666666666,0,0,0.288135593220339,3,5.0
gc-negative-control,5,0.03,7,3850992482,769824562,constrained,3,0.05,0,0,0.3220338983050847,3,6.0
gc-negative-control,5,0.03,8,2177339800,1602152396,medoid,3,0.05,0,0,0.3559322033898305,3,6.2
gc-negative-control,5,0.03,8,2177339800,1602152396,consensus,1,0.016666666666666666,0,0,0.3389830508474576,3,5.2
gc-negative-control,5,0.03,8,2177339800,1602152396,unconstrained,1,0.016666666666666666,0,0,0.3389830508474576,3,5.2
gc-negative-control,5,0.03,8,2177339800,1602152396,constrained,4,0.06666666666666667,0,0,0.3898305084745763,3,6.4
gc-negative-control,5,0.03,9,4250459743,1211530561,medoid,2,0.03333333333333333,0,0,0.3333333333333333,3,7.6
gc-negative-control,5,0.03,9,4250459743,1211530561,consensus,0,0.0,1,0,0.3333333333333333,3,6.4
gc-negative-control,5,0.03,9,4250459743,1211530561,unconstrained,0,0.0,1,0,0.3333333333333333,3,6.4
gc-negative-control,5,0.03,9,4250459743,1211530561,constrained,3,0.05,0,0,0.38333333333333336,3,7.4
gc-negative-control,5,0.03,10,1241336112,3005197838,medoid,4,0.06666666666666667,0,0,0.27586206896551724,3,8.2
gc-negative-control,5,0.03,10,1241336112,3005197838,consensus,0,0.0,1,0,0.26666666666666666,3,6.2
gc-negative-control,5,0.03,10,1241336112,3005197838,unconstrained,0,0.0,1,0,0.26666666666666666,3,6.2
gc-negative-control,5,0.03,10,1241336112,3005197838,constrained,3,0.05,0,0,0.31666666666666665,3,7.8
gc-negative-control,5,0.03,11,2396150021,3357878713,medoid,1,0.016666666666666666,0,0,0.26666666666666666,3,4.8
gc-negative-control,5,0.03,11,2396150021,3357878713,consensus,1,0.016666666666666666,0,0,0.26666666666666666,3,4.8
gc-negative-control,5,0.03,11,2396150021,3357878713,unconstrained,0,0.0,1,0,0.2833333333333333,3,4.6
gc-negative-control,5,0.03,11,2396150021,3357878713,constrained,2,0.03333333333333333,0,0,0.31666666666666665,3,5.6
gc-negative-control,5,0.03,12,372407323,2130355567,medoid,4,0.06451612903225806,0,0,0.3709677419354839,4,7.6
gc-negative-control,5,0.03,12,372407323,2130355567,consensus,2,0.03225806451612903,0,0,0.3387096774193548,3,6.4
gc-negative-control,5,0.03,12,372407323,2130355567,unconstrained,2,0.03225806451612903,0,0,0.3387096774193548,3,6.4
gc-negative-control,5,0.03,12,372407323,2130355567,constrained,4,0.06451612903225806,0,0,0.3870967741935484,3,7.6
gc-negative-control,5,0.03,13,2257850936,1611254782,medoid,3,0.05,0,0,0.38333333333333336,3,6.6
gc-negative-control,5,0.03,13,2257850936,1611254782,consensus,0,0.0,1,0,0.3333333333333333,3,5.2
gc-negative-control,5,0.03,13,2257850936,1611254782,unconstrained,0,0.0,1,0,0.3333333333333333,3,5.2
gc-negative-control,5,0.03,13,2257850936,1611254782,constrained,3,0.05,0,0,0.38333333333333336,3,6.6
gc-negative-control,5,0.03,14,2485825247,1658241943,medoid,1,0.016666666666666666,0,0,0.288135593220339,3,4.4
gc-negative-control,5,0.03,14,2485825247,1658241943,consensus,1,0.016666666666666666,0,0,0.288135593220339,3,4.4
gc-negative-control,5,0.03,14,2485825247,1658241943,unconstrained,1,0.016666666666666666,0,0,0.288135593220339,3,4.2
gc-negative-control,5,0.03,14,2485825247,1658241943,constrained,4,0.06666666666666667,0,0,0.3389830508474576,3,6.0
gc-negative-control,5,0.03,15,1603098606,1113845931,medoid,3,0.05,0,0,0.3728813559322034,2,6.8
gc-negative-control,5,0.03,15,1603098606,1113845931,consensus,2,0.03333333333333333,0,0,0.3620689655172414,2,6.2
gc-negative-control,5,0.03,15,1603098606,1113845931,unconstrained,2,0.03333333333333333,0,0,0.3620689655172414,2,6.2
gc-negative-control,5,0.03,15,1603098606,1113845931,constrained,4,0.06666666666666667,0,0,0.41379310344827586,2,7.6
gc-negative-control,5,0.03,16,1451000232,1271283467,medoid,1,0.016666666666666666,0,0,0.23728813559322035,3,5.2
gc-negative-control,5,0.03,16,1451000232,1271283467,consensus,0,0.0,1,0,0.25,3,4.8
gc-negative-control,5,0.03,16,1451000232,1271283467,unconstrained,0,0.0,1,0,0.25,3,4.8
gc-negative-control,5,0.03,16,1451000232,1271283467,constrained,3,0.05,0,0,0.3,3,6.0
gc-negative-control,5,0.03,17,1800670301,2075917321,medoid,4,0.06451612903225806,0,0,0.3064516129032258,3,8.2
gc-negative-control,5,0.03,17,1800670301,2075917321,consensus,0,0.0,1,0,0.2833333333333333,3,6.0
gc-negative-control,5,0.03,17,1800670301,2075917321,unconstrained,0,0.0,1,0,0.2833333333333333,3,6.0
gc-negative-control,5,0.03,17,1800670301,2075917321,constrained,3,0.05,0,0,0.3333333333333333,3,6.8
gc-negative-control,5,0.03,18,1407010736,2177358089,medoid,3,0.04838709677419355,0,0,0.3225806451612903,3,6.8
gc-negative-control,5,0.03,18,1407010736,2177358089,consensus,0,0.0,1,0,0.31666666666666665,3,5.6
gc-negative-control,5,0.03,18,1407010736,2177358089,unconstrained,0,0.0,1,0,0.31666666666666665,3,5.6
gc-negative-control,5,0.03,18,1407010736,2177358089,constrained,3,0.05,0,0,0.36666666666666664,3,7.0
gc-negative-control,5,0.03,19,515083744,2702575533,medoid,2,0.03333333333333333,0,0,0.288135593220339,3,6.0
gc-negative-control,5,0.03,19,515083744,2702575533,consensus,1,0.016666666666666666,0,0,0.3,3,5.4
gc-negative-control,5,0.03,19,515083744,2702575533,unconstrained,0,0.0,1,0,0.3,3,5.0
gc-negative-control,5,0.03,19,515083744,2702575533,constrained,3,0.05,0,0,0.35,3,6.8
